Name,District,Population,Geo_lat,Geo_lon
אבו גוש,ירושלים,7881,31.806353,35.1088651
אבו סנאן,הצפון,14455,32.96603485,35.16356281
אבו קורינאת (יישוב),הדרום,2081,,
אבו תלול,הדרום,2330,31.1861956,34.9128014
אבטין,חיפה,2900,31.2757636,34.8838656
אבטליון,הצפון,475,32.8361797,35.3502704
אביאל,חיפה,820,32.5325097,34.9933907
אביבים,הצפון,470,33.0886777,35.4729375
אביגדור,הדרום,806,31.7109457,34.7435754
אביחיל,המרכז,1402,32.3502322,34.8717347
אביטל,הצפון,489,32.5578557,35.3063551
אביעזר,ירושלים,890,31.6811888,35.0177211
אבירים,הצפון,296,33.0386467,35.2871399
אבן יהודה,המרכז,14267,32.2724852,34.886767
אבן מנחם,הצפון,278,33.0736105,35.2941382
אבן ספיר,ירושלים,686,31.7629815,35.1351189
אבן שמואל,הדרום,2279,31.5748942,34.7643312
אבני איתן,הצפון,811,32.8222205,35.7685664
אבני חפץ,יהודה והשומרון,2223,31.8909688,34.8238086
אבנת,יהודה והשומרון,260,32.9280587,35.272169
אבשלום,הדרום,345,31.1950932,34.3307877
אדורה,יהודה והשומרון,474,31.6494361,34.5724932
אדירים,הצפון,278,32.5490732,35.2711676
אדמית,הצפון,265,33.0795856,35.2102543
אדרת,ירושלים,922,31.6597433,34.9956875
אודים,המרכז,1405,32.2647709,34.8469332
אודם,הצפון,176,39.3181528,-79.8109014
אוהד,הדרום,412,31.2377429,34.4304539
אום אל-פחם,חיפה,57676,32.5158385,35.152491
אום אל-קוטוף,חיפה,1169,32.468056,35.058889
אום בטין,הדרום,4705,31.2757636,34.8838656
אומן,הצפון,559,32.5641159,35.2422454
אומץ,המרכז,824,32.3715218,34.9961912
אופקים,הדרום,33999,31.3125831,34.6208537
אור הגנוז,הצפון,600,33.005079,35.4475065
אור הנר,הדרום,808,31.5566083,34.602628
אור יהודה,תל אביב,36814,32.0309712,34.8523936
אור עקיבא,חיפה,19904,32.5090151,34.9195677
אורה,ירושלים,1298,31.7527467,35.1534987
אורון,הדרום,-,31.0638198,35.0299944
אורות,הדרום,472,31.7407214,34.734914
אורטל,הצפון,369,33.0852392,35.7594308
אורים,הדרום,504,31.3041665,34.521977
אורנים,חיפה,61,32.7116768,35.1079584
אורנית,יהודה והשומרון,9113,32.7055369,35.1637609
אושה,חיפה,589,32.7955189,35.1144019
אזור,תל אביב,13473,32.0282087,34.802593
אזור תעסוקה משגב(תרדיון),הצפון,-,,
אזור תעשייה אכזיב (מילואות),הצפון,-,,
אזור תעשייה נעמן (מילואות),הצפון,-,,
אחווה,הדרום,279,32.782656,35.541232
אחוזם,הדרום,551,31.5522246,34.7706958
אחוזת ברק,הצפון,2426,32.6418437,35.3387534
אחיהוד,הצפון,916,32.908312,35.1723837
אחיטוב,המרכז,1091,32.3873272,34.9914108
אחיסמך,המרכז,1418,31.935556,34.908056
אחיעזר,המרכז,1947,31.9811076,34.8716734
איבים,הדרום,721,31.5332929,34.6100744
אייל,המרכז,549,32.2113762,34.9789972
איילת השחר,הצפון,1138,33.0215976,35.5759521
אילון,הצפון,1067,33.0633456,35.2197473
אילון תבור*,הצפון,-,,
אילות,הדרום,362,32.7163849,35.2594337
אילניה,הצפון,485,,
אילנייה,הצפון,485,,
אילת,הדרום,52753,29.5569348,34.9497949
אירוס,המרכז,830,31.928452,34.7759097
איתמר,יהודה והשומרון,1355,32.0896837,34.8069179
איתן,הדרום,520,31.5728416,34.7487221
איתנים,ירושלים,60,31.7790429,35.095001
אכסאל,הצפון,15146,32.699261,35.300141
אל סייד,הדרום,6288,31.2832614,34.9130197
אל -עזי,הדרום,196,31.7189244,34.8142702
אל -עריאן,חיפה,191,32.4979223,35.1255776
אל -רום,הצפון,442,33.1796457,35.7721224
אל-עזי,הדרום,196,31.7189244,34.8142702
אל-עריאן,חיפה,191,32.4979223,35.1255776
אל-רום,הצפון,442,33.1796457,35.7721224
אלומה,הדרום,1163,31.652036,34.7426718
אלומות,הצפון,436,32.7069863,35.5462845
אלון הגליל,הצפון,1132,32.7571188,35.2199802
אלון מורה,יהודה והשומרון,2009,32.2385493,35.3323483
אלון שבות,יהודה והשומרון,3061,,
אלוני אבא,הצפון,1000,32.7310157,35.1713637
אלוני הבשן,הצפון,472,33.0440867,35.8391653
אלוני יצחק,חיפה,305,32.5106111,35.003597
אלונים,הצפון,548,32.7199093,35.1446939
אליאב,הדרום,691,31.529931,34.9314799
אליכין,המרכז,3461,32.4079533,34.9248732
אלי-עד,הצפון,484,32.8060623,35.7337191
אליפז,הדרום,166,29.7964294,35.0119398
אליפלט,הצפון,695,32.9480271,35.547389
אליקים,הצפון,968,32.6327376,35.0670512
אלישיב,המרכז,716,32.3802538,34.9092219
אלישמע,המרכז,1167,32.1519602,34.9279083
אלמגור,הצפון,423,32.9139417,35.603248
אלמוג,יהודה והשומרון,256,32.0873403,34.8512881
אלעד,המרכז,49593,31.9489012,34.8884857
אלעזר,יהודה והשומרון,2561,32.1841158,34.8559837
אלפי מנשה,יהודה והשומרון,7967,,
אלקוש,הצפון,279,33.0341637,35.3241745
אלקנה,יהודה והשומרון,4071,31.7941351,35.2138576
אמונים,הדרום,1011,31.7453369,34.676988
אמירים,הצפון,871,32.9374962,35.4499969
אמנון,הצפון,455,32.9043478,35.5705088
אמציה,הדרום,219,31.5324669,34.9143066
אניעם,הצפון,502,32.9568708,35.7397621
אספר,יהודה והשומרון,1114,32.9433182,35.4354282
אעבלין,הצפון,13693,32.8209166,35.19133
אפיק,הצפון,356,32.7797901,35.7016937
אפיקים,הצפון,1497,32.681369,35.5783318
אפק,הצפון,762,32.8401655,35.1278912
אפרת,יהודה והשומרון,11804,32.1003629,34.9540208
ארבל,הצפון,766,32.8127773,35.48417499
ארגמן,יהודה והשומרון,133,31.92998,34.7865341
ארז,הדרום,609,31.5605003,34.5666313
אריאל,יהודה והשומרון,19647,31.8654033,34.9865142
ארסוף,המרכז,174,32.2141274,34.8168147
אשבול,הדרום,630,31.4475021,34.6664352
אשבל,הצפון,140,32.876801,35.3049739
אשדוד,הדרום,225974,31.7977314,34.6529922
אשדות יעקב (איחוד),הצפון,1019,32.6581629,35.5811432
אשדות יעקוב(איחוד),הצפון,1019,32.6581629,35.5811432
אשדות יעקב (מאוחד),הצפון,645,32.662065,35.5820015
אשחר,הצפון,984,31.6184063,34.7240639
אשכולות,יהודה והשומרון,609,32.8063767,34.9808415
אשל הנשיא,הדרום,140,31.3253413,34.6977854
אשלים,הדרום,681,30.9638905,34.7002742
אשקלון,הדרום,149160,31.6751458,34.57172738
אשרת,הצפון,584,32.9717328,35.1564958
אשתאול,ירושלים,1230,31.7801952,35.0097885
באקה אל-גרביה,חיפה,30973,32.4197144,35.0428311
באר אורה,הדרום,1220,29.7101748,34.986604
באר גנים,הדרום,1966,32.2642945,34.8870022
באר טוביה,הדרום,1294,31.7338758,34.7262903
באר יעקב,המרכז,29852,31.9443532,34.8398648
באר מילכה,הדרום,197,30.9328457,34.4070405
באר שבע,הדרום,211249,31.2457442,34.7925181
בארות יצחק,המרכז,469,32.0393656,34.9109112
בארותיים,המרכז,1155,32.3218886,34.9828907
בארותים,המרכז,1155,32.3218886,34.9828907
בארי,הדרום,1047,31.4241619,34.4911156
בוסתן הגליל,הצפון,1305,32.9505232,35.0817793
בועיינה-נוג'ידאת,הצפון,10137,32.8056259,35.3646736
בוקעאתא,הצפון,6752,33.20076,35.7779892
בורגתה,המרכז,1147,32.3264732,34.9629135
בחן,המרכז,1140,32.3510073,35.019131
בטחה,הדרום,790,31.3342804,34.6344922
"בי""ס אזורי מקיף (אשר)",הצפון,-,,
ביצרון,הדרום,1248,32.0698569,34.7966382
ביר אל-מכסור,הצפון,9960,32.7756653,35.2216911
ביר הדאג',הדרום,6167,31.0262625,34.7031024
בירייה,הצפון,849,,
ביריה,הצפון,849,,
בית אורן,חיפה,560,32.730556,35.005556
בית אל,יהודה והשומרון,5682,32.2207604,34.99369
בית אלעזרי,המרכז,1576,31.8460836,34.8030534
בית אלפא,הצפון,1356,32.5160003,35.4312857
בית אריה,יהודה והשומרון,5409,,
בית אריה-עופרים,יהודה והשומרון,5409,,
בית ברל,המרכז,226,32.2025325,34.9266038
בית גוברין,הדרום,446,31.5979099,34.8976497
בית גמליאל,המרכז,1026,31.8553605,34.7626358
בית ג'ן,הצפון,12307,32.9644737,35.3781433
בית גן,הצפון,12307,32.9644737,35.3781433
בית דגן,המרכז,7643,32.001945,34.8301626
בית הגדי,הדרום,887,31.4239086,34.606739
בית הלוי,המרכז,840,32.3535046,34.9312543
בית הלל,הצפון,797,33.2083012,35.6069281
בית העמק,הצפון,730,32.9704922,35.1461366
בית הערבה,יהודה והשומרון,451,31.9648854,34.7791381
בית השיטה,הצפון,1258,32.5510774,35.4382178
בית זיד,הצפון,76,32.798948,35.182418
בית זית,ירושלים,1655,31.7825806,35.1593248
בית זרע,הצפון,639,32.6882909,35.5733669
בית חולים פוריה,הצפון,-,32.75323,35.538361
בית חורון,יהודה והשומרון,1468,32.114734,34.813499
בית חזון,המרכז,,,
בית חירות,המרכז,904,,
בית חרות,המרכז,904,,
בית חלקיה,המרכז,1446,31.7926752,34.8108048
בית חנן,המרכז,523,31.9337581,34.7740084
בית חנניה,חיפה,924,32.5282617,34.92503
בית חשמונאי,המרכז,2166,31.8880132,34.919009
בית יהושע,המרכז,1118,32.2626037,34.860233
בית יוסף,הצפון,488,32.5588132,35.5523146
בית ינאי,המרכז,363,32.3775275,34.8629629
בית יצחק-שער חפר,המרכז,2144,32.3345648,34.8905446
שער חפר,המרכז,2144,32.3345648,34.8905446
בית לחם הגלילית,הצפון,823,32.7344949,35.188908
בית מאיר,ירושלים,818,31.7938835,35.0360826
בית נחמיה,המרכז,893,31.975811,34.9550835
בית ניר,הדרום,616,31.6472934,34.874131
בית נקופה,ירושלים,758,31.8028567,35.1252694
בית עובד,המרכז,253,31.921288,34.7737889
בית עוזיאל,המרכז,649,31.8693965,34.9051703
בית עזרא,הדרום,1104,32.6882909,35.5733669
בית עזרה,הדרום,1104,32.6882909,35.5733669
בית עריף,המרכז,1202,31.9964383,34.9355731
בית צבי,חיפה,310,32.07849605,34.82167315
בית קמה,הדרום,1420,31.4475406,34.7622872
בית קשת,הצפון,714,32.7184192,35.3954738
בית רבן,המרכז,922,31.8163687,34.7267929
בית רימון,הצפון,908,32.7819472,35.3277836
בית שאן,הצפון,18900,32.4967519,35.4973022
בית שמש,ירושלים,141765,31.746214,34.9886825
בית שערים,הצפון,814,32.7037666,35.1292388
בית שקמה,הדרום,878,32.0476555,34.81624538
ביתן אהרון,המרכז,142,32.3660377,34.8693
ביתן אהרן,המרכז,142,32.3660377,34.8693
ביתר עילית,יהודה והשומרון,63220,31.71631535,35.12009099
בלפוריה,הצפון,530,32.6302897,35.2970682
בן זכאי,המרכז,1085,31.8568839,34.729583
בן עמי,הצפון,785,33.0042191,35.1241783
בן שמן (כפר נוער),המרכז,667,,
בן שמן (מושב),המרכז,876,,
בן שמן,המרכז,876,,
בני ברק,תל אביב,212395,32.0873899,34.8324376
בני דקלים,הדרום,1569,31.5174853,34.9199141
בני דרום,המרכז,949,31.8206628,34.6915762
בני דרור,המרכז,1201,32.2618622,34.900238
בני יהודה,הצפון,1129,32.7984155,35.6902145
בני נצרים,הדרום,902,31.140986,34.3147298
בני עטרות,המרכז,961,32.0235637,34.9118719
בני עיש,המרכז,6895,31.7891954,34.7605995
"בני עי""ש",המרכז,6895,31.7891954,34.7605995
בני ציון,המרכז,1334,32.2203585,34.8686714
בני ראם,המרכז,1415,31.7697849,34.79065
בניה,המרכז,764,31.8434985,34.753611
בנימינה,חיפה,16074,32.5202891,34.9435862
"בסמ""ה",חיפה,10497,32.53230915,35.10483275
בסמת טבעון,הצפון,8069,32.7362276,35.1546502
בענה,הצפון,8537,32.9280587,35.272169
בצרה,המרכז,1205,32.2143238,34.8779919
בצת,הצפון,369,33.0708449,35.136107
בקוע,ירושלים,826,31.8294277,34.9270405
בקעות,יהודה והשומרון,186,32.3381864,35.0130006
בר גיורא,ירושלים,716,31.7298209,35.0726527
בר יוחאי,הצפון,1086,32.9970032,35.4481169
ברוכין,יהודה והשומרון,2129,,
ברור חיל,הדרום,1014,31.5597901,34.6491564
ברוש,הדרום,595,31.3706542,34.6350858
ברכה,יהודה והשומרון,3062,31.7310483,34.7560684
ברכיה,הדרום,1252,31.6678257,34.6268196
בר-לב,הצפון,-,31.0674771,35.0399108
ברעם,הצפון,646,33.0586061,35.4338884
ברק,הצפון,395,32.5424671,35.2653811
ברקאי,חיפה,546,32.475134,35.0300253
ברקן,יהודה והשומרון,2005,32.1867793,34.8966062
ברקת,המרכז,2192,32.0159397,34.9433655
בת הדר,הדרום,771,31.646519,34.5960329
בת חן,המרכז,430,32.3602692,34.8723281
בת חפר,המרכז,5241,32.3345015,35.012351
בת ים,תל אביב,126291,32.0154565,34.7505283
בת עין,יהודה והשומרון,1673,32.0417521,34.7560576
בת שלמה,חיפה,648,32.5994386,35.0029516
בתי זיקוק - קישון,חיפה,-,32.79478965,35.05997712
גאולי תימן,המרכז,358,32.3920841,34.9012083
גאולים,המרכז,986,31.7595534,35.2196723
גאליה,המרכז,942,31.8846855,34.764843
גבולות,הדרום,400,31.2111135,34.4652467
גבים,הדרום,617,31.5067391,34.5991766
גבע,הצפון,605,32.5663362,35.3715486
גבע בנימין (אדם),יהודה והשומרון,5857,,
גבע בנימין,יהודה והשומרון,5857,,
גבע כרמל,חיפה,1192,32.6636235,34.9549687
גבעולים,הדרום,422,31.3963714,34.5915141
גבעון החדשה,יהודה והשומרון,1021,,
גבעות בר,הדרום,1307,31.3556259,34.7592233
גבעת אבני,הצפון,2098,32.774457,35.4383706
גבעת אולגה,חיפה,,,
גבעת אלה,הצפון,1886,32.7208483,35.2448953
גבעת ברנר,המרכז,2694,31.8675206,34.8004909
גבעת השלושה,המרכז,900,32.0980886,34.9211469
גבעת זאב,יהודה והשומרון,20034,31.8260249,35.26064987
גבעת חן,המרכז,363,32.1685932,34.876063
"גבעת ח""ן",המרכז,363,32.1685932,34.876063
גבעת חביבה,חיפה,-,32.4580225,35.0219504
גבעת חיים (איחוד),המרכז,1207,32.4002771,34.9330496
גבעת חיים(איחוד),המרכז,1207,32.4002771,34.9330496
גבעת חיים (מאוחד),המרכז,1062,32.3918515,34.931902
גבעת חיים(מאוחד),המרכז,1062,32.3918515,34.931902
גבעת יואב,הצפון,728,32.8002848,35.6838088
גבעת יערים,ירושלים,1398,31.7859942,35.092569
גבעת ישעיהו,ירושלים,807,31.6702146,34.9462929
גבעת כח,המרכז,887,32.01822,34.9374
"גבעת כ""ח",המרכז,887,32.01822,34.9374
גבעת נילי,חיפה,715,32.5472691,35.0423428
"גבעת ניל""י",חיפה,715,32.5472691,35.0423428
גבעת עדה,חיפה,,,
גבעת עוז,הצפון,475,32.5558926,35.1986272
גבעת שמואל,המרכז,28162,32.0769463,34.8524656
גבעת שמש,ירושלים,56,31.7666606,34.9500837
גבעת שפירא,המרכז,418,32.3578622,34.8762757
גבעתי,הדרום,1071,31.7340046,34.6793054
גבעתיים,תל אביב,61280,32.0729606,34.8113279
גברעם,הדרום,669,31.5909454,34.6115031
גבת,הצפון,959,32.6747246,35.2107773
גדות,הצפון,447,33.0180702,35.6189207
ג'דיידה-מכר,הצפון,21508,32.9295345,35.1467283
גדיידה-מכר,הצפון,21508,32.9295345,35.1467283
גדיש,הצפון,414,32.5588503,35.2448954
גדעונה,הצפון,505,32.5487479,35.359246
גדרה,המרכז,30393,31.8117747,34.7803882
ג'ולס,הצפון,6657,32.9430618,35.1869431
גונן,הצפון,369,33.1238763,35.6462866
גורן,הצפון,686,33.0563927,35.2369919
גורנות הגליל,הצפון,244,,
גזית,הצפון,804,32.6382136,35.446739
גזר,המרכז,311,31.8771055,34.9198991
גיאה,הדרום,980,31.6275573,34.6024158
גיבתון,המרכז,390,31.8888206,34.7994843
גיזו,ירושלים,207,31.8041199,34.9380852
גילון,הצפון,1127,32.9029028,35.2354622
גילת,הדרום,1558,31.329171,34.6516508
גינוסר,הצפון,597,32.8476404,35.5236258
גיניגר,הצפון,667,,
גינתון,המרכז,920,31.96286475,34.91520309
גיתה,הצפון,300,32.9672482,35.249074
גיתית,יהודה והשומרון,498,31.8860965,35.0109715
גלאון,הדרום,603,31.6340593,34.8490324
ג'לג'וליה,המרכז,10480,32.152285,34.9536543
גלגל,יהודה והשומרון,223,31.8877761,34.782268
גליל ים,תל אביב,542,32.1568799,34.8299871
גלעד (אבן יצחק),הצפון,497,32.557279,35.0757127
אבן יצחק (גלעד),הצפון,497,32.557279,35.0757127
גמזו,המרכז,1198,31.9276731,34.9418915
גן הדרום,המרכז,633,31.803614,34.6997994
גן השומרון,חיפה,839,32.4639095,34.9984491
גן חיים,המרכז,811,32.1950979,34.9054806
גן יאשיה,המרכז,1019,32.3506691,34.9954017
גן יבנה,המרכז,24251,31.787109,34.7096635
גן נר,הצפון,2672,32.5308688,35.3391118
גן שורק,המרכז,702,31.9447315,34.7599212
גן שלומה,המרכז,590,31.8777084,34.7982712
גן שלמה,המרכז,590,31.8777084,34.7982712
גן שמואל,חיפה,948,32.451832,34.9498546
גנות,המרכז,585,32.018733,34.829012
גנות הדר,המרכז,963,32.3195061,34.9001402
גני הדר,המרכז,354,31.8792591,34.8530401
גני טל,המרכז,909,31.7886881,34.791191
גני יהודה,תל אביב,,,
גני יוחנן,המרכז,602,31.86029,34.8407361
גני מודיעין,יהודה והשומרון,2688,31.90092565,34.99033173
גני עם,המרכז,234,32.151417,34.9017297
גני תקווה,המרכז,22694,32.0604256,34.8760954
ג'סר א-זרקא,חיפה,15315,32.5375618,34.9132199
געש,המרכז,921,32.2288879,34.8234798
געתון,הצפון,699,33.0057124,35.2137501
גפן,ירושלים,422,31.7404809,34.8792303
גרופית,הדרום,253,29.9401621,35.0648867
גש (גוש חלב),הצפון,3153,,
ג'ש (גוש חלב),הצפון,3153,,
גשור,הצפון,309,32.8191803,35.716008
גשר,הצפון,455,32.6206515,35.5520809
גשר הזיו,הצפון,1593,33.0394679,35.1109814
ג'ת,חיפה,12473,32.3988067,35.0375429
גת,הדרום,966,,
גת (קיבוץ),הדרום,966,,
גת רימון,המרכז,318,32.0674422,34.8805118
דאלית אל-כרמל,חיפה,18061,32.6922393,35.0482785
דבורה,הצפון,219,32.553108,35.2635109
דבורייה,הצפון,10782,,
דבירה,הדרום,1045,31.4126129,34.8253555
דברת,הצפון,554,32.6479447,35.3505185
דגניה א',הצפון,524,32.7084791,35.5748582
דגניה ב',הצפון,689,32.6999198,35.5747095
דגניה א,הצפון,524,32.7084791,35.5748582
דגניה ב,הצפון,689,32.6999198,35.5747095
"דוב""ב",הצפון,478,33.0524574,35.4074874
דולב,יהודה והשומרון,1569,32.1736576,34.9186311
דור,חיפה,450,32.6075668,34.9230461
דורות,הדרום,870,31.506606,34.645993
דחי,הצפון,712,32.6203995,35.3449947
דייר אל-אסד,הצפון,12934,,
דייר חנא,הצפון,10599,32.861238,35.358228
דייר ראפאת,ירושלים,99,,
דימונה,הדרום,35893,31.0686612,35.0366482
דישון,הצפון,336,33.0813243,35.5175202
דלייה,הצפון,843,,
דליה,הצפון,843,,
דלתון,הצפון,870,33.0166712,35.4891906
דמיידה,הצפון,548,32.8154622,35.2271343
דן,הצפון,781,33.2400913,35.6530878
דפנה,הצפון,1025,33.2303715,35.6392634
דקל,הדרום,380,31.194067,34.3478622
דריג'את,הדרום,1308,31.3005896,35.0753744
האון,הצפון,183,18.4246595,-66.0439067
הבונים,חיפה,386,32.6371881,34.9327996
הגושרים,הצפון,1009,33.2211258,35.6230745
הדר עם,המרכז,696,32.3490842,34.9005646
הוד השרון,המרכז,65363,32.1561974,34.8930354
הודיות,הצפון,303,32.7885329,35.435106
הודייה,הדרום,616,31.6890329,34.6431713
הודיה,הדרום,616,31.6890329,34.6431713
הושעיה,הצפון,2092,32.7585699,35.2932906
הזורע,הצפון,932,32.6437923,35.1206465
הזורעים,הצפון,1108,32.7457141,35.5031884
החותרים,חיפה,914,32.7514976,34.9567795
היוגב,הצפון,790,32.6114253,35.2056603
הילה,הצפון,562,32.8098037,35.0700465
המעפיל,המרכז,870,32.3783322,34.9839792
המרכז למחקר-נחל שורק,המרכז,-,,
הסוללים,הצפון,989,32.751099,35.238324
העוגן,המרכז,952,32.3619422,34.9231606
הר אדר,יהודה והשומרון,4107,,
הר גילה,יהודה והשומרון,1647,32.1551195,34.8956813
הר עמשא,הדרום,240,31.330998,35.096784
הראל,ירושלים,269,31.8093796,34.9490776
הרדוף,הצפון,1117,32.7641117,35.1728315
הרצלייה,תל אביב,103320,,
הרצליה,תל אביב,103320,,
הררית,הצפון,640,32.8457853,35.369171
ורד יריחו,יהודה והשומרון,364,,
ורדון,הדרום,264,31.6635292,34.7821917
זבדיאל,הדרום,616,31.6584287,34.759748
זוהר,הדרום,343,31.5956483,34.6937036
זהר,הדרום,343,31.5956483,34.6937036
זיקים,הדרום,894,31.609373,34.5221474
זיתן,המרכז,1031,31.9753923,34.891423
זכרון יעקב,חיפה,23858,32.5711587,34.9529966
זכריה,ירושלים,1145,31.7097914,34.944079
זמר,המרכז,7360,32.36220995,35.03251314
זמרת,הדרום,684,31.2468966,34.7848389
זנוח,ירושלים,539,31.7315665,35.0007321
זרועה,הדרום,503,31.4593766,34.6235081
זרזיר,הצפון,8412,32.7274275,35.2133545
זרחיה,הדרום,755,31.6806835,34.7455072
חבצלת השרון,המרכז,485,32.3610498,34.8616896
חבר,הצפון,800,32.5487129,35.2643296
חגור,המרכז,1152,32.1375681,34.9481658
חגי,יהודה והשומרון,701,31.9592065,34.9030219
חגלה,המרכז,868,32.3875165,34.9257315
חדיד,המרכז,913,31.9682459,34.9337333
חד-נס,הצפון,876,32.928396,35.6429709
חדרה,חיפה,100630,32.43732495,34.91785561
ח'ואלד,חיפה,729,,
חולדה,המרכז,1169,31.8311138,34.8828125
חולון,תל אביב,197464,32.01599895,34.78595636
חולית,הדרום,203,31.2318728,34.3265102
חולתה,הצפון,719,33.0511117,35.6091616
חוסן,הצפון,1199,32.9975754,35.2979856
חוסנייה,הצפון,823,32.8993807,35.3215263
חופית,המרכז,824,32.3856586,34.8755505
חוקוק,הצפון,628,32.8800375,35.4944564
חורה,הדרום,23942,31.2972468,34.9379061
חורפיש,הצפון,6581,33.01737,35.3469551
חורשים,המרכז,350,32.1372148,34.9706974
חזון,הצפון,290,32.9067724,35.394977
חיבת ציון,המרכז,844,32.3987871,34.9120169
חיננית,יהודה והשומרון,1512,31.908604,35.0086171
חיפה,חיפה,282831,32.8191218,34.9983856
חרות,המרכז,1260,31.8679622,34.7448883
חירות,המרכז,1260,31.8679622,34.7448883
חלמיש,תל אביב,,,
חלוץ,הצפון,537,31.6791181,34.5664141
חלץ,הדרום,486,31.5774293,34.6575334
חמד,המרכז,1355,31.9968911,34.737847
"חמ""ד",המרכז,1355,31.9968911,34.737847
חמאם,הצפון,1561,32.8295555,35.4903983
חמדיה,הצפון,420,32.5201037,35.5203765
חמדת,יהודה והשומרון,343,32.9488949,35.4245296
חמרה,יהודה והשומרון,273,32.9163829,35.3598497
חניאל,המרכז,903,32.3321351,34.9485815
חניתה,הצפון,744,33.0874108,35.1733471
חנתון,הצפון,1008,32.7826077,35.2458555
חספין,הצפון,2071,32.8450731,35.7928356
חפץ חיים,המרכז,586,31.7893677,34.8013878
חפצי-בה,הצפון,757,32.5181674,35.4258324
חצב,הדרום,1517,31.7792702,34.7693634
חצבה,הדרום,694,30.7677164,35.2796246
חצור הגלילית,הצפון,9763,32.9791697,35.543327
חצור-אשדוד,הדרום,673,31.7730925,34.7210185
חצרים,הדרום,857,31.24041,34.7150744
חרב לאת,המרכז,933,32.4012716,34.9170982
חרוצים,המרכז,907,32.2275023,34.8641079
חריש,חיפה,27007,32.45964,35.0510843
חרמש,יהודה והשומרון,236,32.2150343,34.8621301
חרשים,הצפון,377,32.9569673,35.3279785
חשמונאים,יהודה והשומרון,2646,32.08183625,34.81157701
פוריה עילית,הצפון,,,
פוריה עלית,הצפון,,,
פוריה-נוה עובד,הצפון,46698,32.7938522,35.5328566
טבריה,הצפון,46698,32.7938522,35.5328566
טובא-זנגרייה,הצפון,7011,32.9663198,35.5944243
טורעאן,הצפון,14655,32.7772712,35.3725219
טייבה,המרכז,45387,32.2628299,35.00857641
טייבה (בעמק),הצפון,1965,,
טירה,המרכז,27392,32.2346856,34.9544553
טירת יהודה,המרכז,1210,32.0140654,34.9333804
טירת כרמל,חיפה,26806,32.7613834,34.9715506
טירת צבי,הצפון,975,32.4218582,35.5279708
טל שחר,ירושלים,1375,31.80506,34.9022119
טל-אל,הצפון,1216,32.9272624,35.1772552
טללים,הדרום,591,30.9919058,34.7700732
טלמון,יהודה והשומרון,5141,32.0515231,34.789185
טמרה,הצפון,35406,32.8534876,35.1978748
טמרה (יזרעאל),הצפון,1656,32.6343499,35.4042528
טמרה(יזרעאל),הצפון,1656,32.6343499,35.4042528
טנא,יהודה והשומרון,964,32.1715344,34.8574653
טפחות,הצפון,521,32.8684279,35.4238096
יאנוח-גת,הצפון,6851,32.9781675,35.23850257
יאנוח-ג'ת,הצפון,6851,32.9781675,35.23850257
יבול,הדרום,352,31.1887802,34.3203981
יבנאל,הצפון,4447,32.7054565,35.5052619
יבנה,המרכז,4447,31.8768863,34.7382974
יגור,חיפה,1654,32.7427653,35.0781197
יגל,המרכז,919,31.9870408,34.8806084
יד בנימין,המרכז,4271,31.7978401,34.8216119
יד השמונה,ירושלים,294,31.8094724,35.0901961
יד חנה,המרכז,985,32.3255163,35.0060999
יד מרדכי,הדרום,792,31.5886771,34.5589997
יד נתן,הדרום,637,31.6528819,34.7055051
"יד רמב""ם",המרכז,1139,31.8993715,34.9007465
ידידה,ירושלים,224,,
יהוד-מונוסון,המרכז,30618,32.0340632,34.8939595
יהוד,המרכז,30618,32.0340632,34.8939595
יהל,הדרום,232,30.0819416,35.1287689
יובל,הצפון,644,32.9084814,35.3019506
יובלים,הצפון,1102,32.8775051,35.2705626
יודפת,הצפון,910,32.8372367,35.2715538
יונתן,הצפון,802,32.9384707,35.794963
יושיביה,הדרום,733,31.4435485,34.6091452
יזרעאל,הצפון,535,32.6307267,35.3488686
יחיעם,הצפון,722,32.9967146,35.2204512
יטבתה,הדרום,735,29.8959204,35.0596217
"ייט""ב",יהודה והשומרון,296,31.9925139,34.8964214
ייטב,יהודה והשומרון,296,31.9925139,34.8964214
יכיני,הדרום,724,31.4832232,34.6000858
ים המלח - בתי מלון,הדרום,-,,
ינוב,המרכז,953,32.3060551,34.9504619
ינון,הדרום,1215,31.7429158,34.7795177
יסוד המעלה,הצפון,1804,33.0573811,35.6030157
יסודות,המרכז,1016,31.8155479,34.8660736
יסעור,הצפון,893,32.9010935,35.1663465
יעד,הצפון,728,32.8782597,35.2435683
יעל,הצפון,-,32.5519235,35.3079001
יעף,המרכז,315,32.2683414,34.9659156
יערה,הצפון,808,33.0674207,35.1858477
יפיע,הצפון,19537,32.6865923,35.2772128
יפית,יהודה והשומרון,221,32.0887757,34.8858238
יפעת,הצפון,1211,32.6771965,35.2238731
יפתח,הצפון,607,33.1286135,35.5519473
יצהר,יהודה והשומרון,2020,31.73919,35.1886239
יציץ,המרכז,826,31.8623432,34.8629537
יקום,המרכז,794,32.2485734,34.842087
יקיר,יהודה והשומרון,2485,32.0673107,34.82677208
יקנעם(מושבה),הצפון,1375,32.6566243,35.1136079
יקנעם (מושבה),הצפון,1375,32.6566243,35.1136079
יקנעם עילית,הצפון,24158,32.6480601,35.0943545
יראון,הצפון,407,33.0777838,35.455753
ירדנה,הצפון,370,32.5644389,35.5645775
ירוחם,הדרום,11031,30.9888033,34.9250975
ירושלים,ירושלים,966209,31.7788242,35.2257626
ירחיב,המרכז,1088,32.1531458,34.9683081
ירכא,הצפון,17574,32.9548871,35.2087895
ירקונה,המרכז,357,32.1449054,34.8982397
ישע,הדרום,429,31.246415,34.4032541
ישעי,ירושלים,857,31.7516368,34.965419
ישרש,המרכז,983,31.915785,34.8499267
יתד,הדרום,563,31.2059601,34.3274363
כאבול,הצפון,14474,32.8677008,35.2100551
כאוכב אבו אל-היג'א,הצפון,3723,32.8309185,35.2494826
כברי,הצפון,1098,33.0214987,35.1485013
כדורי,הצפון,215,32.7028194,35.4077864
כדיתה,הצפון,179,33.0066179,35.4667726
כוכב השחר,יהודה והשומרון,2515,31.7781057,34.639781
צור יגאל,המרכז,8950,32.22014095,34.99441807
כוכב יאיר,המרכז,8950,32.22014095,34.99441807
כוכב יעקוב,יהודה והשומרון,9524,,
כוכב יעקב,יהודה והשומרון,9524,,
כוכב מיכאל,הדרום,1105,31.6274859,34.6670889
כורזים,הצפון,339,32.9116915,35.56451741
כחל,הצפון,472,32.89180365,35.5103931
כחלה,הדרום,455,,
כיסופים,הדרום,292,31.3741608,34.3994488
כישור,הצפון,215,32.945775,35.2495375
כליל,הצפון,829,32.9855303,35.2004778
כלנית,הצפון,258,32.8749932,35.4527711
כמאנה,הצפון,1620,32.9096182,35.3472444
כמהין,הדרום,251,30.9100139,34.4310272
כמון,הצפון,1412,32.9113891,35.3612558
כנות,הדרום,441,31.8026404,34.752375
כנף,הצפון,465,32.8694734,35.6979749
כנרת (מושבה),הצפון,687,32.7231985,35.56444
כנרת (קבוצה),הצפון,701,32.7138728,35.5625249
כסיפה,הדרום,23219,31.2465374,35.0930574
כסלון,ירושלים,487,31.7740865,35.0492326
כסרא-סמיע,הצפון,9108,32.966258,35.304877
כעביה-טבאש-חג'אג'רה,הצפון,5732,32.7488538,35.1840965
כפר אביב,המרכז,822,31.8318165,34.7213367
כפר אדומים,יהודה והשומרון,4927,,
כפר אוריה,ירושלים,914,31.7919952,34.9465718
כפר אזר,תל אביב,,,
כפר אחים,הדרום,892,31.7448291,34.7563983
כפר ביאליק,חיפה,852,32.8203929,35.0869133
כפר בילו,המרכז,1252,31.8774823,34.8203144
"כפר ביל""ו",המרכז,1252,31.8774823,34.8203144
כפר בלום,הצפון,765,33.1723656,35.6101218
כפר בן נון,המרכז,742,31.8624687,34.9471855
כפר ברא,המרכז,3856,32.1310918,34.9703305
כפר ברוך,הצפון,667,32.6460182,35.1930067
כפר גדעון,הצפון,351,32.6429826,35.2915832
כפר גלים,חיפה,381,32.7665815,34.9593308
כפר גליקסון,חיפה,352,32.504959,35.004799
כפר גלעדי,הצפון,689,33.2417843,35.5749608
כפר דניאל,המרכז,683,31.9332996,34.9326218
כפר האורנים,יהודה והשומרון,2607,32.0651916,34.8888954
כפר החורש,הצפון,736,32.7013318,35.2741896
כפר המכבי,חיפה,410,32.7910628,35.1149003
כפר הנגיד,המרכז,1223,31.8875154,34.7522152
כפר הנוער הדתי,חיפה,376,32.7426708,35.1014038
כפר הנשיא,הצפון,979,32.9748875,35.6038283
כפר הס,המרכז,1582,32.2457804,34.9339746
כפר הראה,המרכז,1483,32.3897506,34.9118525
"כפר הרא""ה",המרכז,1483,32.3897506,34.9118525
כפר הריף,הדרום,844,31.7463333,34.7924638
"כפר הרי""ף",הדרום,844,31.7463333,34.7924638
כפר ויתקין,המרכז,1982,32.3809359,34.8751918
כפר ורבורג,הדרום,1161,31.7199638,34.7241807
כפר ורדים,הצפון,5531,32.9972507,35.2725342
כפר זוהרים,ירושלים,149,31.6217119,34.9248916
כפר זיתים,הצפון,793,32.8106577,35.4637873
כפר חבד,המרכז,6797,31.9907676,34.849123
"כפר חב""ד",המרכז,6797,31.9907676,34.849123
כפר חושן,הצפון,805,33.0108471,35.4386655
כפר חיטים,הצפון,618,32.7993441,35.5010491
כפר חיים,המרכז,639,32.3539817,34.9001418
כפר חנניה,הצפון,762,32.9161093,35.4241459
כפר חסידים א',חיפה,814,32.7519478,35.0935521
כפר חסידים א,חיפה,814,32.7519478,35.0935521
כפר חסידים ב',חיפה,305,32.7519478,35.0935521
כפר חסידים ב,חיפה,305,32.7519478,35.0935521
כפר חרוב,הצפון,478,32.7622725,35.6630369
כפר טרומן,המרכז,908,31.980556,34.921667
כפר יאסיף,הצפון,10324,32.9533067,35.165698
ידידיה,המרכז,751,32.344942,34.9000198
כפר ידידיה,המרכז,751,32.344942,34.9000198
כפר יהושע,הצפון,1244,32.6820586,35.1522509
כפר יונה,המרכז,27897,32.314504,34.9321169
כפר יחזקאל,הצפון,1255,32.5682864,35.3624076
כפר יעבץ,המרכז,676,32.2738189,34.966859
כפר כמא,הצפון,3479,32.721053,35.4407705
כפר כנא,הצפון,23706,32.7449001,35.3437869
כפר מונש,המרכז,926,32.3475348,34.9162242
כפר מימון,הדרום,427,31.431444,34.541228
"כפר מל""ל",המרכז,324,32.1670594,34.8934755
כפר מלל,המרכז,324,32.1670594,34.8934755
כפר מנדא,הצפון,21073,32.8114088,35.259756
כפר מנחם,הדרום,1366,31.7309768,34.8352311
כפר מסריק,הצפון,866,32.8910595,35.1001125
כפר מצר,הצפון,2805,32.64232,35.421805
כפר מרדכי,המרכז,657,31.8310864,34.7561791
כפר נטר,המרכז,1159,32.279642,34.8769601
כפר סאלד,הצפון,716,33.1946879,35.657851
כפר סבא,המרכז,101801,32.1773471,34.907459
כפר סילבר,הדרום,405,31.6731615,34.61161532
כפר סירקין,המרכז,1543,32.0777377,34.9235073
כפר עבודה,המרכז,212,32.2569466,34.9420929
כפר עזה,הדרום,765,31.4833351,34.5333225
כפר עציון,יהודה והשומרון,1279,32.0844079,34.8316773
כפר פינס,חיפה,1106,32.4838889,35.0034441
כפר קאסם,המרכז,24756,32.1176703,34.9672488
כפר קיש,הצפון,685,32.6663613,35.4487944
כפר קרע,חיפה,19691,32.5029914,35.0504995
כפר ראש הנקרה,הצפון,1406,33.085461,35.114013
ראש הנקרה,הצפון,1406,33.085461,35.114013
כפר רוזנואלד (זרעית),הצפון,237,,
כפר רופין,הצפון,526,32.4581631,35.556773
כפר רות,המרכז,285,31.9107467,35.0357676
כפר שמאי,הצפון,575,32.9574173,35.4579027
כפר שמואל,המרכז,969,31.8891357,34.9328059
כפר שמריהו,תל אביב,1948,32.1853666,34.8197755
כפר תבור,הצפון,4426,32.6878053,35.4204202
כפר תפוח,יהודה והשומרון,1522,,
כרכום,הצפון,517,32.9293327,35.6085627
כרם בן זמרה,הצפון,529,33.0388862,35.468049
כרם בן שמן,המרכז,87,31.9591224,34.93418667
כרם יבנה (ישיבה),המרכז,538,,
כרם מהרל,חיפה,767,32.6461207,34.9899618
"כרם מהר""ל",חיפה,767,32.6461207,34.9899618
כרם שלום,הדרום,194,31.2277096,34.2839544
כרמי יוסף,המרכז,1757,31.8469647,34.9204701
כרמי צור,יהודה והשומרון,964,32.114811,34.82869
כרמי קטיף,הדרום,649,31.5372434,34.9126772
כרמיאל,הצפון,46311,32.91098395,35.29354438
כרמיה,הדרום,651,31.6053505,34.5430183
כרמייה,הדרום,651,31.6053505,34.5430183
כרמים,הדרום,526,31.3356266,34.9190091
כרמל,יהודה והשומרון,467,32.78661435,34.98030957
לבון,הצפון,727,32.9424551,35.2871026
לביא,הצפון,616,32.7872253,35.4416661
לבנים,הצפון,473,32.07622415,34.8219866
להב,הדרום,656,31.3794212,34.8701057
להבות הבשן,הצפון,922,33.1406178,35.646246
להבות חביבה,חיפה,1062,32.3958732,35.0103906
להבים,הדרום,6977,31.3703233,34.8136886
לוד,המרכז,82629,31.9489012,34.8884857
לוזית,ירושלים,862,31.6877948,34.8877384
לוחמי הגיטאות,הצפון,816,32.0371435,34.8960387
לוטם,הצפון,783,32.8817394,35.3584971
לוטן,הדרום,202,29.9867806,35.0886439
לימן,הצפון,674,33.0595032,35.1130278
לכיש,הדרום,800,31.5608984,34.8410694
לפיד,המרכז,2322,31.9175529,35.0319405
לפידות,הצפון,129,32.9592382,35.2620596
לקיה,הדרום,15294,31.324666,34.8661185
מאור,חיפה,1442,32.4239237,35.006394
מאיר שפיה,חיפה,352,32.5914537,34.9709102
מבוא ביתר,ירושלים,1013,31.7227202,35.1071186
מבוא דותן,יהודה והשומרון,509,32.2295941,35.0085097
מבוא חורון,יהודה והשומרון,2694,31.855823,35.003641
מבוא חמה,הצפון,459,32.7363463,35.6556132
מבוא מודיעים,המרכז,247,31.9344938,34.9871687
מבואות ים,המרכז,365,32.401065,34.870206
מבואות יריחו,יהודה והשומרון,228,,
מבועים,הדרום,1250,31.44903825,34.65481113
מבטחים,הדרום,463,31.240474,34.4082967
מבקיעים,הדרום,508,31.6221558,34.5771198
מבשרת ציון,ירושלים,24943,31.8057198,35.152731
מגאר,הצפון,23625,32.8869441,35.406944
מג'ד אל-כרום,הצפון,15630,32.9225771,35.2579504
מגדים,חיפה,1388,32.7290313,34.9619508
מגדל,הצפון,1988,32.8387154,35.4993634
מגדל העמק,הצפון,26029,32.6765744,35.2413237
מגדל עוז,יהודה והשומרון,566,31.8974486,35.0125267
מג'דל שמס,הצפון,11404,33.2684288,35.769371
מגדל תפן,הצפון,-,32.97539155,35.27708757
מגדלים,יהודה והשומרון,543,,
מגידו,הצפון,858,32.5786915,35.1806937
מגל,חיפה,1177,32.38522,35.0351579
מגן,הדרום,537,32.706731,35.6010794
מגן שאול,הצפון,734,32.5206793,35.3067307
מגשימים,המרכז,1090,32.0470353,34.8993144
מדרך עוז,הצפון,828,32.5954691,35.1603051
מדרשת בן גוריון,הדרום,1956,30.8515927,34.7825759
מדרשת רופין,המרכז,228,32.34247455,34.91278662
מודיעין עילית,יהודה והשומרון,80997,,
מודיעין,יהודה והשומרון,80997,,
מכבים-רעות,המרכז,97097,31.89527805,34.98923113
מודיעין-מכבים-רעות*,המרכז,97097,31.89527805,34.98923113
מולדת,הצפון,1096,32.5864428,35.4406793
מוצא עילית,ירושלים,1524,31.7934936,35.1565626
מוצא עלית,ירושלים,1524,31.7934936,35.1565626
מוקייבלה,הצפון,4261,,
מורן,הצפון,497,32.921571,35.393461
מורשת,הצפון,1592,32.8268051,35.2328758
מזור,המרכז,1329,32.046608,34.946167
מזכרת בתיה,המרכז,15424,31.8514378,34.8411635
מזרע,הצפון,792,32.6509756,35.2861087
מזרעה,הצפון,4078,32.9833034,35.098342
מחולה,יהודה והשומרון,649,32.0460695,34.832821
מחנה יתיר,הדרום,304,,
מחניים,הצפון,815,32.9886405,35.570735
מחסיה,ירושלים,493,31.7481682,35.0073522
מטולה,הצפון,1692,33.2789864,35.58018843
מטע,ירושלים,961,43.8456274,-71.4722969
מי עמי,חיפה,363,32.5046656,35.1465087
מיטב,הצפון,460,32.5457376,35.301291
מייסר,חיפה,2084,32.4451045,35.0404881
מיצר,הצפון,324,32.7686851,35.7369807
מירב,הצפון,744,32.4533873,35.4215378
מירון,הצפון,1091,32.9886409,35.440278
מישר,המרכז,811,32.4451045,35.0404881
מיתר,הדרום,10566,31.3270854,34.9384389
מכורה,יהודה והשומרון,185,32.4708847,34.9915355
מכחול,הדרום,1126,31.2883138,35.0753893
מכמורת,המרכז,1504,32.4062774,34.8728998
מכמנים,הצפון,597,32.9061108,35.3287602
מלאה,הצפון,375,32.5634638,35.2359604
מלילות,הדרום,381,31.3900104,34.5959269
מלכיה,הצפון,436,,
מלכייה,הצפון,436,,
מלכישוע,הצפון,243,32.4382377,35.4145143
מנוחה,הדרום,668,31.6565157,34.7766986
מנוף,הצפון,858,32.8541336,35.2367706
מנות,הצפון,497,33.0383637,35.1946918
מנחמיה,הצפון,1065,32.6670217,35.5555869
מנרה,הצפון,266,33.195939,35.5446083
מנשית זבדה,הצפון,1471,32.701872,35.191539
מסד,הצפון,387,32.8433385,35.4229425
מסדה,הצפון,376,33.22981425,35.75388102
מסילות,הצפון,463,32.495833,35.4750001
מסילת ציון,ירושלים,1214,31.8018055,35.0115252
מסלול,הדרום,902,31.3253422,34.5885811
מסעדה,הצפון,3812,33.22981425,35.75388102
מעברות,המרכז,983,32.3639465,34.9046905
מעגלים,הדרום,2058,31.3974125,34.5983081
מעגן,הצפון,394,32.706731,35.6010794
מעגן מיכאל,חיפה,2069,32.5553209,34.9166572
מעוז חיים,הצפון,502,32.4933804,35.5512649
מעון,יהודה והשומרון,592,31.3289642,34.4089165
מעונה,הצפון,974,33.0167071,35.2597388
מעיין ברוך,הצפון,724,33.2397998,35.6078756
מעיין צבי,חיפה,762,32.5683241,34.9400745
מעיליא,הצפון,3267,33.0280627,35.25833
מעלה אדומים,יהודה והשומרון,37555,31.8081107,35.2379387
מעלה אפרים,יהודה והשומרון,1318,,
מעלה גלבוע,הצפון,830,32.4780173,35.4174978
מעלה גמלא,הצפון,573,32.8892522,35.6853352
מעלה החמישה,ירושלים,846,31.8174857,35.1115939
מעלה לבונה,יהודה והשומרון,976,,
מעלה מכמש,יהודה והשומרון,1691,,
מעלה עירון,חיפה,15642,32.5494975,35.15448566
מעלה עמוס,יהודה והשומרון,822,32.715598,35.35362
מעלה שומרון,יהודה והשומרון,,,
מעלות-תרשיחא,הצפון,22314,33.0157394,35.2759666
מענית,חיפה,874,32.4560127,35.0280805
מעש,המרכז,835,32.0651874,34.8874639
מפלסים,הדרום,1038,31.5026787,34.5621232
"מפעלי אבשלו""ם",הדרום,-,31.44080345,34.75991053
מפעלי ברקן,יהודה והשומרון,-,,
מפעלי גליל עליון,הצפון,-,,
מפעלי גרנות,חיפה,-,32.44415775,34.95369711
מפעלי העמק (יזרעאל),הצפון,-,32.662236,35.235978
מפעלי חבל מודיעים,המרכז,-,,
מפעלי ים המלח(סדום),הדרום,-,,
מפעלי כנות,הדרום,-,,
מפעלי מישור רותם,הדרום,-,,
מפעלי מעון,הדרום,-,,
מפעלי נחם הרטוב,ירושלים,-,,
מפעלי צומת מלאכי,הדרום,-,,
מפעלי צין - ערבה,הדרום,-,30.84342445,35.09159821
מפעלי צמח,הצפון,-,,
מפעלי שאן,הצפון,-,32.4992977,35.5195947
מצדות יהודה,יהודה והשומרון,634,,
מצובה,הצפון,1157,33.06295925,35.15829119
מצליח,המרכז,1343,31.9061802,34.8717789
מצפה,הצפון,128,32.7902724,35.5085407
מצפה אביב,הצפון,1076,32.8369091,35.2020716
"מצפה אבי""ב",הצפון,1076,32.8369091,35.2020716
מצפה אילן,חיפה,752,32.461529,35.0691813
מצפה יריחו,יהודה והשומרון,2638,,
מצפה נטופה,הצפון,1054,32.8029167,35.3846403
מצפה רמון,הדרום,5179,30.6119687,34.8012169
מצפה שלם,יהודה והשומרון,238,,
מצר,חיפה,389,32.6509756,35.2861087
מקווה ישראל,תל אביב,379,31.7983744,35.223702
מרגליות,הצפון,416,33.2148047,35.5444859
מרום גולן,הצפון,754,33.1321192,35.7773161
מרחב עם,הדרום,521,30.8886192,34.828885
מרחביה (מושב),הצפון,663,32.6024516,35.3159604
מרחביה (קיבוץ),הצפון,1298,32.6051468,35.3076714
מרכז אזורי כדורי,הצפון,-,,
מרכז אזורי מרום הגליל,הצפון,-,33.00142465,35.43892925
מרכז אזורי משגב,הצפון,-,32.85906465,35.25925315
מרכז אזורי שוהם,המרכז,-,31.8944171,34.8266464
"מרכז כ""ח",הצפון,-,33.12113955,35.57008111
"מרכז מיר""ב*",חיפה,-,32.646139,34.96491492
מרכז שפירא,הדרום,2589,31.6951844,34.7071255
משאבי שדה,הדרום,474,31.0032681,34.7861244
משגב דב,המרכז,714,31.81957745,34.73986886
משגב עם,הצפון,358,33.2477885,35.5486672
משהד,הצפון,8655,32.7401998,35.3245126
משואה,יהודה והשומרון,263,31.8947044,35.0080189
משואות יצחק,הדרום,685,31.7023455,34.6898673
משכיות,יהודה והשומרון,341,30.6272162,34.7759251
משמר איילון,המרכז,573,31.8719461,34.9447916
משמר דוד,המרכז,1304,31.8224828,34.9009264
משמר הירדן,הצפון,878,33.0055656,35.6002731
משמר הנגב,הדרום,1085,31.3641285,34.7186798
משמר העמק,הצפון,1268,32.6105821,35.1421972
משמר השבעה,המרכז,1044,32.0097825,34.8242913
משמר השרון,המרכז,613,32.3564792,34.9033593
משמרות,חיפה,1233,32.4874752,34.9850386
משמרת,המרכז,1048,32.2279787,34.9220495
משען,הדרום,1069,31.6576442,34.6237776
מתן,המרכז,3631,32.1561435,34.9742805
מתת,הצפון,222,33.04084975,35.3558743
מתתיהו,יהודה והשומרון,922,32.1671123,34.8040653
נאות גולן,הצפון,669,32.7867059,35.6929699
נאות הכיכר,הדרום,442,30.9330032,35.3772356
נאות חובב,הדרום,-,31.1344594,34.7917406
נאות מרדכי,הצפון,675,33.160576,35.5965774
נאות סמדר,הדרום,228,30.0486435,35.0257351
נאעורה,הצפון,2393,32.61402055,35.39107572
נבטים,הדרום,1067,31.2225371,34.8807983
נגבה,הדרום,967,31.6623288,34.6827493
נגוהות,יהודה והשומרון,468,,
נהורה,הדרום,1195,31.622903,34.70505547
נהלל,הצפון,1255,32.6900631,35.1968485
נהריה,הצפון,60807,33.01697675,35.10184039
נהרייה,הצפון,60807,33.01697675,35.10184039
נוב,הצפון,1026,32.832269,35.7831891
נוגה,הדרום,579,31.6252155,34.6953049
נווה,הדרום,1327,31.1620776,34.3300605
נווה אבות,חיפה,40,32.0959027,34.88387428
נווה אפרים,המרכז,,,
נווה אור,הצפון,350,32.5886496,35.5531494
נווה אטיב,הצפון,141,33.2619578,35.7407856
"נווה אטי""ב",הצפון,141,33.2619578,35.7407856
נווה אילן,ירושלים,996,31.8761876,34.7314056
נווה אילן*,ירושלים,-,31.8761876,34.7314056
נווה איתן,הצפון,306,32.4920626,35.5327856
נווה דניאל,יהודה והשומרון,2360,32.0192984,34.7925786
נווה זוהר,הדרום,52,31.1529016,35.365301
נווה זיו,הצפון,1012,33.0275858,35.1834948
נווה חריף,הדרום,107,30.0389533,35.0358704
נווה ים,חיפה,237,32.6791606,34.9318092
נווה ימין,המרכז,1065,32.1718831,34.9387948
נווה ירק,המרכז,1271,32.1333242,34.9242354
נווה מבטח,הדרום,690,31.8059239,34.7410254
נווה מיכאל,ירושלים,871,31.6729774,35.0059119
נווה צוף,יהודה והשומרון,1543,31.231715,34.7650801
נווה שלום,ירושלים,357,31.8175068,34.9781914
נועם,הדרום,360,31.5669098,34.7890968
נוף איילון,המרכז,2081,31.8685845,34.98861532
נוף הגליל,הצפון,42659,32.7023065,35.3183216
נופים,יהודה והשומרון,1042,31.8966909,34.9848191
נופית,חיפה,2550,32.7586157,35.14735
נופך,המרכז,610,32.0435572,34.9207276
נוקדים,יהודה והשומרון,2764,31.3047878,35.2725073
נורדייה,המרכז,1924,,
נורדיה,המרכז,1924,,
נורית,הצפון,244,32.542654,35.3560394
נחושה,ירושלים,1505,31.6287914,34.9522836
נחל אבנת,הצפון,,,
נחל נמרוד,הצפון,,,
נחל עוז,הדרום,470,31.4722307,34.496381
נחלה,הדרום,706,31.657961,34.7949816
נחליאל,יהודה והשומרון,737,32.4446424,34.9266889
נחלים,המרכז,1848,32.0589718,34.9136499
נחם,ירושלים,561,31.7665744,35.0039498
נחף,הצפון,13558,32.93495035,35.31380662
נחשולים,חיפה,700,32.6138484,34.92063
נחשון,ירושלים,602,31.830965,34.9559212
נחשונים,המרכז,435,32.0614545,34.9492529
נטועה,הצפון,326,33.0649415,35.3233116
נטור,הצפון,910,32.8538055,35.7514617
נטע,הדרום,736,31.4778481,34.9266422
נטעים,המרכז,637,31.9444441,34.7744439
נטף,ירושלים,478,31.8320125,35.0679987
ניין,הצפון,1959,32.6307267,35.3488686
נילי,יהודה והשומרון,1878,32.3206555,34.861805
"ניל""י",יהודה והשומרון,1878,32.3206555,34.861805
ניצן,הדרום,2660,31.7399419,34.6318163
ניצן ב',הדרום,376,31.7361186,34.6359688
ניצנה (קהילת חינוך),הדרום,408,,
ניצני סיני,הדרום,297,30.903912,34.3968932
ניצני עוז,המרכז,1114,32.3054855,35.0048861
ניצנים,הדרום,613,31.7168321,34.634187
ניר אליהו,המרכז,563,32.1973859,34.9483587
ניר בנים,הדרום,726,31.6717215,34.7542446
ניר גלים,המרכז,1387,31.8244735,34.6819467
ניר דוד (תל עמל),הצפון,743,32.50095835,35.46090026
ניר דוד(תל עמל),הצפון,743,32.50095835,35.46090026
ניר חן,הדרום,578,31.6084431,34.7145081
"ניר ח""ן",הדרום,578,31.6084431,34.7145081
ניר יפה,הצפון,730,32.5696288,35.2452983
ניר יצחק,הדרום,649,31.2378574,34.3577888
ניר ישראל,הדרום,893,31.6873424,34.6364148
ניר משה,הדרום,607,31.4772702,34.6299737
ניר עוז,הדרום,392,31.3095982,34.400815
ניר עם,הדרום,684,31.5193144,34.5807617
ניר עציון,חיפה,971,32.6975838,34.9936059
ניר עקיבא,הדרום,709,31.470816,34.64649746
ניר צבי,המרכז,1273,31.9516277,34.8590185
נירים,הדרום,408,31.335199,34.395
נירית,המרכז,952,32.1466075,34.9843952
נירן,יהודה והשומרון,,,
נמל תעופה בן-גוריון,המרכז,-,32.0004041,34.8704796
נמרוד,הצפון,-,33.2452094,35.7510271
נס הרים,ירושלים,1472,31.7444618,35.0579576
נס עמים,הצפון,467,32.9656339,35.1210731
נס ציונה,המרכז,50456,31.9295577,34.7990609
נעורים,המרכז,404,31.9735876,34.8148558
נעלה,יהודה והשומרון,2608,31.9090101,34.80954998
"נעמ""ה",יהודה והשומרון,197,,
נען,המרכז,1771,31.8837553,34.8570894
נערן,יהודה והשומרון,104,33.02963545,35.68897403
נצר חזני,המרכז,544,31.8216134,34.8624802
נצר סרני,המרכז,946,31.9230975,34.8239981
נצרת,הצפון,77925,32.7010145,35.29614736
נצרת עילית,הצפון,77925,32.7010145,35.29614736
נריה,יהודה והשומרון,,,
נשר,חיפה,23759,32.7708797,35.0381249
נתיב הגדוד,יהודה והשומרון,220,,
נתיב הלה,ירושלים,670,31.6885598,34.9823355
"נתיב הל""ה",ירושלים,670,31.6885598,34.9823355
נתיב העשרה,הדרום,900,31.5716799,34.5395488
נתיב השיירה,הצפון,507,32.9928246,35.1355166
נתיבות,הדרום,42039,31.4213546,34.5884252
נתניה,המרכז,224066,32.3286181,34.8566246
סאג'ור,הצפון,4425,32.9419893,35.3421983
סאגור,הצפון,4425,32.9419893,35.3421983
סאסא,הצפון,411,33.026907,35.39499
סביון,המרכז,4051,32.0475371,34.8799172
סביון*,המרכז,4051,32.0475371,34.8799172
סגולה,הדרום,737,31.6697258,34.7791534
סואעד (חמרייה)*,הצפון,198,,
סולם,הצפון,2661,32.6061864,35.3338887
סוסיה,יהודה והשומרון,1376,31.2438978,34.7728012
סופה,הדרום,227,31.2365143,34.3426422
סח'נין,הצפון,32744,32.8638052,35.3023184
סחנין,הצפון,32744,32.8638052,35.3023184
סלמה,הצפון,3478,32.8936503,35.3699046
סלעית,יהודה והשומרון,1426,32.100918,34.9628796
סמר,הדרום,270,29.8333743,35.022744
סנסנה,יהודה והשומרון,665,31.3133274,34.9010138
סעד,הדרום,846,31.470029,34.5355347
סעוה,הדרום,2149,32.3164189,34.9339888
סער,הצפון,910,33.0293646,35.1093238
ספיר,הדרום,503,32.050971,34.77958127
ספסופה,הצפון,,,
סתריה,המרכז,1092,,
סתרייה,המרכז,1092,,
עבדון,הצפון,685,33.0479451,35.1794373
עברון,הצפון,863,32.9926009,35.1002025
עגור,ירושלים,552,31.6971051,34.9129214
ע'ג'ר,הצפון,2745,33.27007875,35.63042225
עד הלום,הדרום,-,31.7656699,34.6663018
עדי,הצפון,1868,-3.0184666,-79.7795664
עדנים,המרכז,509,32.1382948,34.9082736
עוזה,הדרום,407,31.592477,34.7649543
עוזייר,הצפון,3432,32.7900696,35.3271751
עולש,המרכז,1184,32.3317108,34.9862175
עומר,הדרום,7656,31.2659365,34.847616
עופרה,ירושלים,,,
עופר,חיפה,660,32.6220894,34.9828033
עוצם,הדרום,753,31.6366315,34.7025584
עזוז,הדרום,82,30.7916672,34.4722219
עזר,הדרום,810,32.0440526,34.7909422
עזריאל,המרכז,872,32.2629094,34.9712077
עזריה,המרכז,1238,31.8904994,34.9115676
עזריקם,הדרום,1530,31.7537708,34.6949023
עטרת,יהודה והשומרון,954,31.9947684,34.7474618
עידן,הדרום,407,30.8060345,35.2994035
עידן הנגב,הדרום,-,31.3770976,34.78657066
עיילבון,הצפון,5812,32.8383579,35.40101198
עיינות,המרכז,408,31.9159502,34.7677914
עילוט,הצפון,8653,32.7163849,35.2594337
עין איילה,חיפה,1159,32.6287327,34.9454021
עין אל-אסד,הצפון,903,32.9406357,35.4019279
עין גב,הצפון,670,32.7811125,35.6388846
עין גדי,הדרום,588,31.4523959,35.3848241
עין דור,הצפון,1054,32.6562519,35.417043
עין הבשור,הדרום,1113,31.280566,34.4437627
עין הוד,חיפה,666,32.7005017,34.9825964
עין החורש,המרכז,854,32.3863188,34.9400265
עין המפרץ,הצפון,1258,32.9036151,35.0961117
"עין הנצי""ב",הצפון,621,32.4697596,35.5014843
עין הנציב,הצפון,621,32.4697596,35.5014843
עין העמק,הצפון,829,32.6290135,35.0853937
עין השופט,הצפון,882,32.5957666,35.1000352
עין השלושה,הדרום,369,31.3513501,34.400966
עין ורד,המרכז,1567,32.2653177,34.9317604
עין זיוון,הצפון,426,33.0962822,35.7961971
עין חוד,חיפה,318,32.7005017,34.9825964
עין חצבה,הדרום,-,30.7982828,35.2463979
עין חרוד (איחוד),הצפון,540,32.5623291,35.3931287
עין חרוד (מאוחד),הצפון,780,32.5571205,35.3941586
עין יהב,הדרום,803,30.6569021,35.2381753
עין יעקב,הצפון,1215,33.0095478,35.2292923
"עין כרם-בי""ס חקלאי",ירושלים,164,,
עין כרמל,חיפה,930,32.6770088,34.9531216
עין מאהל,הצפון,13748,32.7233235,35.352732
עין נקובא,ירושלים,3680,31.793619,35.119127
עין עירון,חיפה,587,32.4835067,35.0098921
עין צורים,הדרום,861,31.6940539,34.7200879
עין קנייא,הצפון,2172,33.2363745,35.73117594
עין ראפה,ירושלים,1276,31.7901732,35.1162744
עין שמר,חיפה,635,32.4629224,35.0073711
עין שריד,המרכז,1648,32.2741205,34.9353718
עין תמר,הדרום,198,30.943309,35.3747349
עינת,המרכז,842,32.0827765,34.9394305
עיר אובות,הדרום,-,30.8117804,35.2469853
עכו,הצפון,49615,32.9281731,35.0756378
עלומים,הדרום,531,31.45323595,34.51481655
עלי,יהודה והשומרון,4613,31.6552518,34.5784745
עלי זהב,יהודה והשומרון,4279,,
עלמה,הצפון,705,33.0521283,35.4988072
עלמון,יהודה והשומרון,1441,32.7052442,35.1643104
עלמון (ענתות),יהודה והשומרון,1441,32.7052442,35.1643104
עמוקה,הצפון,158,32.9979671,35.5242497
עמיחי,יהודה והשומרון,238,31.9361612,34.8563941
עמינדב,ירושלים,1119,31.7511296,35.1419938
עמיעד,הצפון,483,32.9262991,35.5412309
עמיעוז,הדרום,208,31.24831,34.4139745
עמיקם,חיפה,740,32.5638651,35.020477
עמיר,הצפון,600,33.1787718,35.620776
עמנואל,יהודה והשומרון,4372,31.94089,34.8870255
עמקה,הצפון,822,32.9792441,35.1642671
ענב,יהודה והשומרון,983,29.106008,-111.032862
עספיא,חיפה,12746,32.7152045,35.0671011
עפולה,הצפון,59076,32.6075587,35.2890861
עפרה,יהודה והשומרון,3025,33.0666481,35.4500317
עץ אפרים,יהודה והשומרון,2518,31.8981322,34.7995927
עצמון שגב,הצפון,1204,32.8659821,35.2512054
עראבה,הצפון,26641,32.8486259,35.3358268
עראמשה*,הצפון,1724,33.0885693,35.2265036
ערב אל נעים,הצפון,848,,
ערד,הדרום,27582,31.25865975,35.2112194
ערוגות,הדרום,1145,31.7346866,34.7708779
ערערה,חיפה,25823,32.4965507,35.0955581
ערערה-בנגב,הדרום,19681,31.1595078,35.0230464
עשרת,המרכז,968,31.8247948,34.7455804
עתלית,חיפה,10474,32.690712,34.9422744
עתניאל,יהודה והשומרון,994,31.7628646,35.2223624
פארן,הדרום,508,30.3626131,35.1538972
פארק תעשיות ספירים,הדרום,-,,
פארק תעשיות עמק חפר,המרכז,-,32.4013587,34.89655419
פדואל,יהודה והשומרון,2098,,
פדויים,הדרום,503,31.32746355,34.61108794
פדיה,המרכז,827,31.8580777,34.8821097
פוריידיס,חיפה,13571,32.5988242,34.9542319
פורייה - כפר עבודה,הצפון,379,,
פורייה - נווה עובד,הצפון,1290,,
פורייה עילית,הצפון,1234,,
פורת,המרכז,1284,32.2762739,34.9494718
פטיש,הדרום,998,31.3273849,34.5602722
פלך,הצפון,196,32.9338767,35.2335678
פלמחים,המרכז,743,31.9334124,34.7072589
פני חבר,יהודה והשומרון,729,,
פסגות,יהודה והשומרון,2077,32.84473855,35.07328465
פסגת זאב,ירושלים,,,
פסוטה,הצפון,3236,33.0482278,35.3096602
"פעמי תש""ז",הדרום,586,31.43946675,34.69354162
פעמי תשז,הדרום,586,31.43946675,34.69354162
פצאל,יהודה והשומרון,361,32.8095421,34.9933508
פקיעין (בוקייעה),הצפון,6025,32.9772377,35.3339889
פקיעין חדשה,הצפון,577,,
פרדס חנה-כרכור,חיפה,44210,32.4752557,34.9826399
פרדסייה,המרכז,7252,,
פרדסיה,המרכז,7252,,
פרוד,הצפון,605,32.9333327,35.4333299
פרזון,הצפון,361,32.5454121,35.3111616
פרי גן,הדרום,252,31.2228545,34.3528747
פתח תקווה,המרכז,252270,32.0877639,34.8859985
פתחיה,המרכז,886,31.8675842,34.8862877
צאלים,הדרום,470,31.2036632,34.5338387
צביה,הצפון,327,32.0859818,34.8829957
צבעון,הצפון,338,33.0259411,35.4165978
צובה,ירושלים,623,31.7826765,35.1206998
צוחר,הדרום,475,31.5956483,34.6937036
צופייה,המרכז,-,,
צופים,יהודה והשומרון,2489,31.9463245,34.81674325
צופית,המרכז,1326,32.1918302,34.923101
צופר,הדרום,464,30.5586234,35.1801426
צוקי ים,המרכז,301,32.3613476,34.8586835
צוקים,הדרום,346,30.4915764,35.1662039
צור הדסה,ירושלים,11929,31.7156945,35.0948306
צור יצחק,המרכז,6855,32.24124,34.9983819
צור משה,המרכז,3264,32.2978073,34.9135462
צור נתן,המרכז,298,32.2407088,35.0138835
צוריאל,הצפון,392,33.0059947,35.3141186
צורית,הצפון,943,32.9030676,35.2523745
ציפורי,הצפון,1013,32.7443077,35.2781186
צלפון,ירושלים,1081,31.8041263,34.9327461
צנדלה,הצפון,1678,32.525175,35.32162
צפריה,המרכז,1035,31.745212,35.1739196
צפרירים,ירושלים,416,31.6600453,34.9443771
צפת,הצפון,37473,32.9646301,35.502451
צרופה,חיפה,1151,32.6482373,34.9480485
צרעה,ירושלים,947,31.7627391,34.9686245
קבוצת יבנה,המרכז,957,31.8138222,34.7190625
קדומים,יהודה והשומרון,4590,32.1815381,34.9350333
קדימה-צורן,המרכז,22919,32.2764459,34.9125436
קדמה,הדרום,-,31.7011036,34.77547057
קדמת צבי,הצפון,537,33.0297367,35.6970294
קדר,יהודה והשומרון,1617,,
קדרון,המרכז,1615,31.8150988,34.7976591
קדרים,הצפון,293,32.8984224,35.4737461
קוממיות,הדרום,555,31.6619651,34.7297701
קורנית,הצפון,915,32.8436279,35.2513199
קטורה,הדרום,507,29.9696388,35.0610494
קיסריה,חיפה,5782,32.5114971,34.9057861
קלחים,הדרום,679,31.44918025,34.67862234
קליה,יהודה והשומרון,489,33.3411894,35.5430484
קלנסווה,המרכז,23877,32.2848603,34.9801701
קלע,הצפון,390,31.9839553,34.7611122
קציר,חיפה,2934,32.4886297,35.1016891
קצר א-סר,הדרום,2731,,
קצרין,הצפון,7606,32.9920262,35.6877004
קריית אונו,תל אביב,41900,32.0591691,34.8594303
קריית ארבע,יהודה והשומרון,7498,31.7686927,35.1782648
קריית אתא,חיפה,60101,32.8074348,35.1172559
קריית אתא,חיפה,43268,32.8285812,35.0844915
קריית גת,הדרום,60581,31.6031494,34.7779274
קריית חינוך מרחבים*,הדרום,-,,
קריית טבעון,חיפה,18520,32.7161543,35.126841
קריית ים,חיפה,39442,32.84674545,35.07017112
קריית יערים,ירושלים,6471,31.8006655,35.0825924
קריית יערים (מוסד),ירושלים,169,31.8120134,35.10445367
קריית מוצקין,חיפה,46565,32.83905315,35.08038935
קריית מלאכי,הדרום,25021,31.7469145,34.8225068
קריית נטפים,יהודה והשומרון,991,33.2233144,35.5894334
קריית ענבים,ירושלים,456,31.8100172,35.1203388
קריית עקרון,המרכז,11051,31.86538485,34.82921661
קריית שלמה,המרכז,207,31.9619217,34.82723265
קריית שמונה,הצפון,22336,33.2074733,35.5707828
קרית אונו,תל אביב,41900,32.0591691,34.8594303
קרית ארבע,יהודה והשומרון,7498,31.7686927,35.1782648
קרית אתא,חיפה,60101,32.8074348,35.1172559
קרית ביאליק,חיפה,,,
קרית גת,הדרום,60581,31.6031494,34.7779274
קרית חינוך מרחבים*,הדרום,-,,
קרית חיים,חיפה,,,
קרית טבעון,חיפה,18520,32.7161543,35.126841
קרית ים,חיפה,39442,32.84674545,35.07017112
קרית יערים,ירושלים,6471,31.8006655,35.0825924
קרית יערים (מוסד),ירושלים,169,31.8120134,35.10445367
קרית מוצקין,חיפה,46565,32.83905315,35.08038935
קרית מלאכי,הדרום,25021,31.7469145,34.8225068
קרית נטפים,יהודה והשומרון,991,33.2233144,35.5894334
קרית ענבים,ירושלים,456,31.8100172,35.1203388
קרית עקרון,המרכז,11051,31.86538485,34.82921661
קרית שלמה,המרכז,207,31.9619217,34.82723265
קרית שמונה,הצפון,22336,33.2074733,35.5707828
קרית שמואל,חיפה,,,
קרית חינוך עזתה,הדרום,-,,
קרית תעופה,המרכז,-,32.0353733,34.8787193
קרני שומרון,יהודה והשומרון,9662,,
קשת,הצפון,863,32.980733,35.8085857
ראמה,הצפון,7789,32.9363871,35.3672231
ראס אל-עין,הצפון,410,32.9158041,35.3726649
ראס עלי,חיפה,656,32.77129465,35.15272102
ראש העין,המרכז,71651,32.0952929,34.9533225
ראש פינה,הצפון,3236,32.968215,35.5438245
ראש צורים,יהודה והשומרון,948,,
ראשון לציון,המרכז,257129,31.9635712,34.8101149
רבבה,יהודה והשומרון,2908,,
רבדים,הדרום,825,31.7730474,34.8153077
רביבים,הדרום,1094,31.9658961,34.8223424
רביד,הצפון,143,32.8515851,35.4634262
רגבה,הצפון,1102,32.9779642,35.0996706
רגבים,חיפה,528,32.5240949,35.0345429
רהט,הדרום,76238,31.3933637,34.7546784
רווחה,הדרום,567,31.6495132,34.7317085
רוויה,הצפון,444,32.4492455,35.4727211
רוח מדבר,הדרום,68,30.976166,34.738666
רוחמה,הדרום,751,31.4971107,34.7066969
רומאנה,הצפון,1262,32.7881972,35.3111645
רומת הייב,הצפון,2154,,
רועי,יהודה והשומרון,171,32.0781403,34.8684139
רותם,יהודה והשומרון,262,31.2652918,35.2256532
רחוב,הצפון,406,32.4497108,35.4900246
רחובות,המרכז,147878,31.8952532,34.8105616
רחלים,יהודה והשומרון,975,,
ריחאנייה,הצפון,1228,33.0482032,35.4872846
ריחן,יהודה והשומרון,384,31.885653,34.7329223
ריינה,הצפון,19266,32.723612,35.312492
רימונים,יהודה והשומרון,715,32.6896127,35.4222377
רינתיה,המרכז,1192,32.043333,34.931667
רכסים,חיפה,13736,32.7509558,35.1013589
רם-און,הצפון,984,32.5272379,35.259032
רמות,הצפון,544,31.81561,35.1954938
רמות השבים,המרכז,1695,32.1661738,34.8860426
רמות מאיר,המרכז,755,31.8745635,34.8558152
רמות מנשה,הצפון,1232,32.5978839,35.0576452
רמות נפתלי,הצפון,545,33.1022971,35.5531168
רמלה,המרכז,77798,31.9279988,34.8623473
רמת אפעל,תל אביב,,,
רמת גן,תל אביב,169706,32.0686867,34.8246812
רמת דוד,הצפון,542,32.6775703,35.2039032
רמת הכובש,המרכז,1184,32.2152641,34.9393308
רמת השופט,הצפון,1166,32.6119762,35.0949392
רמת השרון,תל אביב,47969,32.1431276,34.8380853
רמת יוחנן,חיפה,1030,32.7925038,35.1213847
רמת ישי,הצפון,8070,32.7024925,35.1652427
רמת מגשימים,הצפון,784,32.8440285,35.8073845
רמת צבי,הצפון,764,32.5915062,35.4145248
רמת רזיאל,ירושלים,662,31.7736589,35.0737596
רמת רחל,ירושלים,557,31.7387105,35.2183447
רנתיה,המרכז,,,
רנן,הדרום,717,31.3377917,34.6004634
רעים,הדרום,433,31.3848038,34.4585901
רעננה,המרכז,78561,32.1861481,34.8675905
רקפת,הצפון,1057,32.8547224,35.2642924
רשפון,המרכז,1484,32.1995547,34.8244371
רשפים,הצפון,1200,32.4818532,35.4775438
רתמים,הדרום,608,31.0539263,34.690428
שאר ישוב,הצפון,630,33.2272088,35.6463364
שבי דרום,הדרום,405,31.46600965,34.63548376
שבי ציון,הצפון,1270,32.980597,35.0832938
שבי שומרון,יהודה והשומרון,1050,,
שבלי - אום אל-גנם,הצפון,6279,32.6758493,35.3918678
שגב-שלום,הדרום,11865,31.2008757,34.8400872
שדה אילן,הצפון,658,32.7493317,35.4226101
שדה אליהו,הצפון,694,32.4405328,35.5149917
שדה אליעזר,הצפון,842,33.0458869,35.5641252
שדה בוקר,הדרום,469,30.8737395,34.7925947
שדה דוד,הדרום,632,31.5766262,34.6846417
שדה ורבורג,המרכז,1436,32.2093873,34.9048077
שדה יואב,הדרום,594,31.6457313,34.6769569
שדה יעקב,הצפון,1095,32.6974241,35.1417499
שדה יצחק,חיפה,736,32.4051186,34.9938162
שדה משה,הדרום,780,31.6101976,34.8026633
שדה נחום,הצפון,992,32.5271296,35.4816414
שדה נחמיה,הצפון,1272,33.1869061,35.6245075
שדה ניצן,הדרום,387,31.2284956,34.4174077
שדה עוזיהו,הדרום,1586,31.7575803,34.6784685
שדה עזיהו,הדרום,1586,31.7575803,34.6784685
שדה צבי,הדרום,688,31.4485403,34.713287
שדות ים,חיפה,1127,32.4921593,34.8933053
שדות מיכה,ירושלים,390,31.7214757,34.9206369
שדי אברהם,הדרום,367,31.2121265,34.3358477
שדי חמד,המרכז,953,32.1598443,34.9435452
שדי תרומות,הצפון,478,32.441356,35.4854373
שדמה,המרכז,586,31.8317054,34.73857176
שדמות דבורה,הצפון,687,32.6954933,35.4374472
שדמות מחולה,יהודה והשומרון,677,,
שדרות,הדרום,30553,31.526474,34.5969696
שואבה,ירושלים,601,31.7991564,35.0790886
שובה,הדרום,722,31.7991564,35.0790886
שובל,הדרום,870,31.4143179,34.7437672
שוהם,המרכז,21441,32.0004845,34.9465419
שומרה,הצפון,366,33.0818094,35.2841818
שומריה,הדרום,828,,
שומרייה,הדרום,828,,
שוקדה,הדרום,634,31.4216668,34.5253818
שורש,ירושלים,1176,31.7974834,35.0651321
שורשים,הצפון,566,32.8927231,35.2599068
שושנת העמקים,המרכז,492,32.3543061,34.8567151
שושנת העמקים (רסקו),המרכז,492,32.3543061,34.8567151
שזור,הצפון,315,32.9327346,35.3535015
שחר,הדרום,880,31.6184063,34.7240639
שחרות,הדרום,179,29.9036321,34.9992083
שיבולים,הדרום,291,31.3959804,34.6089348
שיזף,הדרום,99,31.00166975,34.76543193
שיטים,הדרום,-,30.1767668,35.0164837
שייח' דנון,הצפון,2983,32.9943175,35.1479211
שילה,יהודה והשומרון,4783,32.1403843,34.898787
שילת,המרכז,788,31.9205606,35.0173195
שכניה,הצפון,781,32.8487331,35.246984
שלווה,הדרום,586,31.5635204,34.7680435
שלווה במדבר,הדרום,-,,
שלוחות,הצפון,457,32.4718472,35.4819367
שלומי,הצפון,7055,33.0760504,35.1485842
שלומית,הדרום,443,31.1685255,34.3035802
שלומציון,יהודה והשומרון,-,32.1352745,34.9017938
שמיר,הצפון,911,33.163887,35.6591721
שמעה,יהודה והשומרון,886,32.7,35.583333
שמרת,הצפון,657,32.789805,35.0071754
שמשית,הצפון,2481,32.7328247,35.2472359
שימשית,הצפון,2481,32.7328247,35.2472359
שני,הדרום,571,31.9012683,35.0017057
שניר,הצפון,641,33.2410034,35.6781947
שעב,הצפון,7381,32.8905934,35.2383757
שעל,הצפון,316,33.1166371,35.7187153
שעלבים,המרכז,1886,31.8699629,34.9839023
שער אפרים,המרכז,1956,32.2889798,34.9974416
שער הגולן,הצפון,527,32.6858143,35.6042877
שער העמקים,חיפה,770,32.7230505,35.1131062
שער מנשה,חיפה,511,32.4485863,35.0155523
שערי תקווה,יהודה והשומרון,6124,32.0884694,34.8750127
שפיים,המרכז,1346,32.2169192,34.8248191
שפיר,הדרום,910,32.050971,34.77958127
שפר,הצפון,435,32.9433182,35.4354282
שפרעם,הצפון,43023,32.8045765,35.1723866
שקד,יהודה והשומרון,1081,31.2653242,35.2202838
שקף,הדרום,602,31.5156708,34.9377978
שרונה,הצפון,573,32.7254465,35.4669505
שריגים (לי-און),ירושלים,1045,31.6770338,34.9357965
שריד,הצפון,875,32.6641744,35.2249937
שרשרת,הדרום,345,31.4046369,34.6041162
שתולה,הצפון,320,33.084763,35.3143141
שתולים,הדרום,2121,31.7719562,34.683597
תאשור,הדרום,459,31.3718709,34.6437068
תדהר,הדרום,702,31.379004,34.6284545
תובל,הצפון,344,32.9290739,35.2447876
תומר,יהודה והשומרון,302,31.8935102,35.0131199
תושייה,הדרום,859,31.4332368,34.5411813
תימורים,הדרום,743,31.7160922,34.7613397
תירוש,ירושלים,454,31.750842,34.8860998
תל אביב -יפו,תל אביב,467875,32.0852997,34.7818064
יפו,תל אביב,467875,32.0852997,34.7818064
תל אביב,תל אביב,467875,32.0852997,34.7818064
תל חי (מכללה),הצפון,-,,
תל יוסף,הצפון,564,32.5561076,35.3996519
תל יצחק,המרכז,822,32.2527746,34.8696976
תל מונד,המרכז,14179,32.2536471,34.9185387
תל עדשים,הצפון,1527,32.6562957,35.3024078
תל קציר,הצפון,500,32.7051904,35.6178217
תל שבע,הדרום,22187,31.2456487,34.8577683
תל תאומים,הצפון,603,32.4424193,35.4964482
תלם,יהודה והשומרון,520,32.1845054,34.8970593
תלמי אליהו,הדרום,321,31.2300278,34.4294776
תלמי אלעזר,חיפה,950,32.4431655,34.9737349
"תלמי ביל""ו",הדרום,534,31.4377026,34.6454808
תלמי בילו,הדרום,534,31.4377026,34.6454808
תלמי יוסף,הדרום,339,31.2005275,34.3638285
תלמי יחיאל,הדרום,1021,31.753729,34.7639978
תלמי יפה,הדרום,809,31.6168578,34.6132893
תלמים,הדרום,916,31.5635578,34.6720813
תמרת,הצפון,1257,32.7038078,35.2253075
תנובות,המרכז,846,32.305202,34.9620671
תעוז,ירושלים,648,31.8020367,34.9744581
תעשיון בינימין*,המרכז,-,,
תעשיון דלתון,הצפון,-,,
תעשיון השרון,המרכז,-,32.3034067,34.9605341
תעשיון חבל יבנה,המרכז,-,,
תעשיון חצב*,המרכז,-,31.8002086,35.163759
תעשיון מבצע*,הדרום,-,32.43836,34.883835
תעשיון מיתרים,יהודה והשומרון,-,,
תעשיון צריפין,המרכז,-,31.96227505,34.85305709
תעשיון ראם*,הדרום,-,31.791644,35.1436496
"תעשיון שח""ק",יהודה והשומרון,-,31.9686867,34.7973051
תעשיות גליל תחתון,הצפון,-,32.7847157,35.46349386
תפרח,הדרום,2231,31.3265145,34.677459
תקומה,הדרום,737,32.0932313,34.8955064
תקוע,יהודה והשומרון,4315,32.0476943,34.8082399
תרבין א-צאנע (יישוב)*,הדרום,1239,,
תרום,ירושלים,970,31.7825667,34.9815088
